generation,n_feasible,Cost_min,Cost_mean,Emissions_min,Emissions_mean
1,20,364622.9683411886,457946.9945566544,201128.41679721884,371599.4878862551
2,20,352668.60512544215,409438.04907292355,115871.52045508554,268494.8769212727
3,20,352668.60512544215,389638.0057730753,109405.68065556693,179537.43798696544
4,20,335928.6662288232,399070.06571796705,96408.38049878961,169521.07660370055
5,20,335928.6662288232,390459.92994210275,96408.38049878961,179106.2122867723
6,20,333566.1745440691,377090.8295953023,71451.11282325283,191011.76493448342
7,20,332739.0870051222,374231.5138129393,71451.11282325283,195363.53447942281
8,20,331401.2918435306,375165.15616641415,71451.11282325283,192724.46698110382
9,20,326171.9814013525,373014.03445372597,65637.65788980198,189797.95748801017
10,20,326171.9814013525,382344.604825601,65637.65788980198,168048.12233875514
11,20,326171.9814013525,366374.79664561513,63995.571655260814,188391.185281899
12,20,326171.9814013525,376828.74533875514,63102.265865542635,166495.28102941642
13,20,326171.9814013525,374691.7117580973,61185.500827812095,171065.45705368897
14,20,326171.9814013525,372321.6715023525,61185.500827812095,174380.91056103178
15,20,326171.9814013525,373598.32284154487,60523.991527496706,165763.7282191886
16,20,318771.7946690388,376697.0431520641,60523.991527496706,161384.32854373488
17,20,318478.6683387639,370906.4213365831,60026.13036672746,168950.7314864786
18,20,315115.2781112838,367548.5857351533,60026.13036672746,168976.83807498528
19,20,315055.8939851451,378356.60958568956,56714.925868313556,148511.93849450926
20,20,315055.8939851451,379189.3831369298,53592.98778864733,150652.7241583937
21,20,314762.3999563514,372187.98887126835,53592.98778864733,161247.86133779332
22,20,312733.8391545442,365300.0605731676,53592.98778864733,168606.90318547742
23,20,312733.8391545442,367340.5964969833,51429.15329574271,161924.21732326405
24,20,312733.8391545442,370016.59245904355,51429.15329574271,152565.0086854387
25,20,312733.8391545442,371057.64770838694,51429.15329574271,152077.3057068169
26,20,312733.8391545442,371085.7750703873,50419.48844368391,144940.3999631147
27,20,309124.7656648612,379096.0261454446,50294.09066081988,132249.9250769827
28,20,309124.7656648612,370782.13602183195,50294.09066081988,141301.7174688881
29,20,305200.86266847316,375425.290244776,50275.702307916006,132502.75347796894
30,20,305200.86266847316,376673.80885767826,50270.503430676385,124698.24756953462
31,20,305200.86266847316,374182.02212994586,50270.503430676385,130283.80744577145
32,20,305200.86266847316,375267.8503705193,50270.503430676385,129360.04177104813
33,20,299490.11586013413,372451.55108631664,50270.503430676385,129358.48153531234
34,20,290825.99542214896,364412.64928313374,50261.29291117435,138574.0703810688
35,20,290825.99542214896,366002.2723041924,50261.29291117435,138132.74510793338
36,20,290032.0635872469,357061.6574457901,47820.292480740965,140977.83439930074
37,20,290032.0635872469,371979.0516646153,47214.4811042056,108851.2006792459
38,20,290032.0635872469,372594.011903116,45074.25182008933,111810.05215258252
39,20,290032.0635872469,373063.7540057964,45074.25182008933,115848.84329645135
40,20,286296.5844177046,372673.36508340377,45074.25182008933,115853.97444876861
41,20,286296.5844177046,372358.5053467896,45074.25182008933,115778.17864701906
42,20,286296.5844177046,376076.7207670422,45074.25182008933,107696.03366525492
43,20,286140.7990416897,371416.6568027354,45074.25182008933,116308.13069015506
44,20,286140.7990416897,364268.660488092,41865.17456123865,125804.09644043309
45,20,280842.2620964809,372498.30745361536,41865.17456123865,114735.18614435494
46,20,280057.8665158357,368351.4724786553,41865.17456123865,122556.08874655697
47,20,280057.8665158357,369757.7044067184,41865.17456123865,121473.63955158084
48,20,280057.8665158357,365369.55501668766,41783.794627763105,122923.14213925679
49,20,280057.8665158357,367570.00711240293,41751.69517353053,121957.9166316962
50,20,278279.63932211866,367756.6501760724,41751.69517353053,120728.97214259277
51,20,274733.37526826095,364975.14471162367,41522.55243198297,123875.62857151551
52,20,274733.37526826095,358002.72902351175,41522.55243198297,130100.92973891168
53,20,274733.37526826095,362124.2312701928,41285.89050238783,128731.6334691438
54,20,272601.8409941298,365014.4559968238,41285.89050238783,123910.74505507045
55,20,272601.8409941298,355030.23367241526,41285.89050238783,131430.34216179053
56,20,272601.8409941298,353167.1739541887,41277.44772099847,134066.27222268298
57,20,269514.108557972,361313.834429292,41277.44772099847,124357.06571468743
58,20,268348.7352690833,353739.67001632054,41277.44772099847,131819.76565072438
59,20,268348.7352690833,361418.7256304546,41191.030391498476,126974.46156191682
60,20,268348.7352690833,349601.06027816696,41191.030391498476,137142.43325347133
61,20,268348.7352690833,344377.02695955837,41191.030391498476,143390.93582999078
62,20,268348.7352690833,361951.58066326886,41191.030391498476,122149.22037629152
63,20,262949.01581946365,353396.9116406783,41191.030391498476,128841.15348167368
64,20,259462.6295085714,351696.57179989375,39187.56469223915,135963.2344739093
65,20,258164.61954051844,353019.0766830179,39187.56469223915,134293.44251438245
66,20,257698.4361637465,353061.0172661406,38333.00917802556,133864.15066742175
67,20,257698.4361637465,351464.88173988863,38333.00917802556,132278.0644032103
68,20,255473.6105169517,349344.9264517197,38333.00917802556,137413.0271469046
69,20,255473.6105169517,350390.7317669844,38333.00917802556,135058.14914415398
70,20,255473.6105169517,338186.3590095041,38333.00917802556,146504.95340151823
71,20,255473.6105169517,345260.8022887076,38333.00917802556,138752.69389273314
72,20,254872.1549938076,355979.4272222441,38333.00917802556,131037.12821418696
73,20,254392.419264541,352384.5989265998,38333.00917802556,134571.5411698064
74,20,254392.419264541,343590.4526900609,38218.35976887394,138190.25648330306
75,20,253474.09578546818,343421.16083021415,38218.35976887394,139214.61562470987
76,20,253474.09578546818,347480.7173337673,38218.35976887394,131311.40935462478
77,20,253474.09578546818,346602.295530968,38218.35976887394,131609.7850550923
78,20,253474.09578546818,357913.4983840879,38218.35976887394,120958.0580579846
79,20,253474.09578546818,348503.74724167143,38218.35976887394,133822.98630730054
80,20,253474.09578546818,358580.48524836655,38218.35976887394,124802.16971965219
81,20,253474.09578546818,357203.4330248992,38218.35976887394,129545.85823644648
82,20,253474.09578546818,349189.3889202417,38218.35976887394,132607.47110842133
83,20,253474.09578546818,340045.08198306325,38218.35976887394,139945.87965346966
84,20,252888.78045668066,342298.3581080403,38218.35976887394,137157.69512471277
85,20,252888.78045668066,347900.7121094832,38218.35976887394,134188.49702291226
86,20,248979.3195562437,362358.7477699678,38218.35976887394,118126.68704169306
87,20,248979.3195562437,354208.2471876085,38213.120849564904,127173.24712112511
88,20,248979.3195562437,346668.97273018875,38213.120849564904,135653.91275007086
89,20,247516.03123427488,346297.15726390365,38213.120849564904,136307.9424267747
90,20,247516.03123427488,342795.97025558347,38213.120849564904,140788.3997425914
91,20,247516.03123427488,347840.15846415854,38213.120849564904,136335.9758790335
92,20,247157.05558469187,350491.7167758556,38191.06842241089,126369.25203448448
93,20,247157.05558469187,357264.56518610154,38191.06842241089,121008.00252251411
94,20,247157.05558469187,350179.49582684267,38191.06842241089,130943.28328503625
95,20,247157.05558469187,342088.8444489046,38191.06842241089,136555.64322128968
96,20,246866.78900568912,342976.6179191386,38191.06842241089,134769.6127621398
97,20,246866.78900568912,341654.89676401595,38191.06842241089,135691.89738968664
98,20,245883.50781710978,347503.78676601686,38191.06842241089,133997.1967322129
99,20,245883.50781710978,348191.59237297514,38191.06842241089,133719.3774827624
100,20,245883.50781710978,336038.72803067765,38191.06842241089,145106.02861725714
101,20,245883.50781710978,335737.4236981737,38191.06842241089,144963.36261355094
102,20,245459.35748634025,346159.07736461924,38191.06842241089,131166.99370052348
103,20,245459.35748634025,341138.8434897738,38191.06842241089,140729.8203061442
104,20,243955.71867847987,343817.3656876554,38191.06842241089,138054.01074532594
105,20,243955.71867847987,342134.16181034234,38191.06842241089,138251.47662135592
106,20,243955.71867847987,341386.56603253813,38191.06842241089,137715.3420567237
107,20,243955.71867847987,341544.8105623516,38191.06842241089,138356.04782013383
108,20,243053.53539376365,341259.7452921819,38191.06842241089,137680.3368194634
109,20,242175.56240058236,346275.82052745577,38191.06842241089,132556.5721038982
110,20,242175.56240058236,341774.59981772024,38191.06842241089,138494.51260315016
111,20,242175.56240058236,345251.80266919336,38191.06842241089,137598.75253684158
112,20,242175.56240058236,339023.9532148525,38191.06842241089,143299.67002599212
113,20,241297.58940740107,341964.9223896387,38191.06842241089,138867.70063490933
114,20,241297.58940740107,336345.8876158946,38191.06842241089,145688.1369559122
115,20,241297.58940740107,336321.3011885729,38191.06842241089,145711.99330977065
116,20,241297.58940740107,337420.6021355088,38191.06842241089,144002.43797737933
117,20,241297.58940740107,336454.92489640473,38191.06842241089,144601.3699387606
118,20,241297.58940740107,345011.5097643,38191.06842241089,134887.5683757978
119,20,241297.58940740107,356920.41906862427,38191.06842241089,127561.7202142912
120,20,241297.58940740107,342573.65490608156,38191.06842241089,141672.07307672797
121,20,241297.58940740107,337240.53012256173,38191.06842241089,147395.50304876803
122,20,241297.58940740107,343509.1777947106,38191.06842241089,141147.65372861855
123,20,241297.58940740107,351422.9395541282,38191.06842241089,131970.42436417687
124,20,240996.861645829,358149.188876781,38191.06842241089,122124.3415275308
125,20,240996.861645829,353942.0121957333,38191.06842241089,127473.95688958564
126,20,240996.861645829,350274.15365310136,38191.06842241089,132292.89046653843
127,20,240996.861645829,350168.8989365511,38191.06842241089,132292.89046653843
128,20,240996.861645829,352203.29246030084,38191.06842241089,128447.53078386122
129,20,240996.861645829,343016.9478076912,38191.06842241089,136915.1927794782
130,20,240996.861645829,342945.6390442065,38191.06842241089,136908.60040485475
131,20,240996.861645829,342722.50631465955,38191.06842241089,136573.2897749874
132,20,240996.861645829,342608.05577754887,38191.06842241089,136575.62831364287
133,20,240996.861645829,345862.8287059843,38191.06842241089,133371.3251322477
134,20,240996.861645829,345790.93858488766,38191.06842241089,133402.2954778492
135,20,240996.861645829,344207.57154702244,38191.06842241089,136385.547503428
136,20,240996.861645829,344646.72457165207,38191.06842241089,136333.5444598209
137,20,240996.861645829,345930.0510751101,38191.06842241089,135087.9946656821
138,20,240996.861645829,345928.98421608156,38191.06842241089,135079.9325443665
139,20,240996.861645829,344678.70116862433,38191.06842241089,135668.97890872526
140,20,240996.861645829,344528.914521701,38191.06842241089,135898.6793232102
141,20,240996.861645829,342127.683784044,38191.06842241089,139676.5070085975
142,20,240996.861645829,343640.78057885705,38191.06842241089,136613.71724132812
143,20,240996.861645829,343640.780578857,38191.06842241089,136613.71724132815
144,20,240996.861645829,343725.0854711142,38191.06842241089,136474.78490063816
145,20,240996.861645829,342753.4949367127,38191.06842241089,138312.347554348
146,20,240996.861645829,343573.0694627585,38191.06842241089,134416.70199938316
147,20,240996.861645829,341872.61930414545,38191.06842241089,135560.49287334547
148,20,240996.861645829,337737.5958935639,38191.06842241089,144385.43863309553
149,20,240996.861645829,343333.48069966806,38191.06842241089,137235.79278896548
150,20,240996.861645829,339604.7763716945,38191.06842241089,143767.8948538887
151,20,240996.861645829,339577.16021020245,38191.06842241089,143801.86500433894
152,20,240996.861645829,340969.01060743403,38191.06842241089,139014.00163907206
153,20,240996.861645829,340837.39684962813,38191.06842241089,139074.00446088743
154,20,240996.861645829,343248.31164398475,38191.06842241089,134745.44406025152
155,20,240996.861645829,343248.204060021,38191.06842241089,134743.6729782534
156,20,240996.861645829,334972.03028211935,38191.06842241089,141421.13462454407
157,20,240996.861645829,333889.06802840193,38191.06842241089,142734.61076044868
158,20,240996.861645829,326540.4052788801,38191.06842241089,152937.6469517014
159,20,240996.861645829,332306.45828131307,38191.06842241089,146560.06218329893
160,20,240996.861645829,343592.5861981974,38191.06842241089,136321.68986191662
161,20,240996.861645829,343051.4222258541,38191.06842241089,136290.65861574453
162,20,240996.861645829,343077.80661816784,38191.06842241089,136285.4820012159
163,20,240996.861645829,343070.77655124984,38191.06842241089,136206.1663443194
164,20,240996.861645829,343070.7765512498,38191.06842241089,136206.1663443194
165,20,240996.861645829,343070.77655124984,38191.06842241089,136206.1663443194
166,20,240996.861645829,342749.00716532505,38191.06842241089,136725.35791312048
167,20,240996.861645829,343310.84263923706,38191.06842241089,136547.6978433461
168,20,240996.861645829,342226.20975298045,38191.06842241089,136648.6759032391
169,20,240996.861645829,342226.2097529805,38191.06842241089,136648.6759032391
170,20,240996.861645829,359639.22661271493,38191.06842241089,118807.56794069111
171,20,240996.861645829,349801.5348737031,38191.06842241089,127883.97739496085
172,20,240996.861645829,347094.10780268005,38191.06842241089,131987.88702345605
173,20,240996.861645829,341312.64766230865,38191.06842241089,138935.4948904072
174,20,240996.861645829,333777.1449013344,38191.06842241089,145437.35613213148
175,20,240996.861645829,338402.2092913949,38191.06842241089,143884.298041801
176,20,240996.861645829,338393.18707214,38191.06842241089,140522.970713483
177,20,240996.861645829,341471.1859763445,38191.06842241089,136055.38887043437
178,20,240996.861645829,349810.4769619469,38191.06842241089,128454.13366971716
179,20,240996.861645829,338376.26846949477,38191.06842241089,141018.9008642119
180,20,240996.861645829,343687.8086097356,38191.06842241089,134827.25179065065
181,20,240996.861645829,337448.406349323,38191.06842241089,142371.23232636423
182,20,240996.861645829,334386.487716613,38191.06842241089,146815.15031235726
183,20,240996.861645829,344680.8346410937,38191.06842241089,138294.63630568288
184,20,240996.861645829,348710.63741329766,38191.06842241089,130206.60638040635
185,20,240996.861645829,343685.1150277259,38191.06842241089,138934.301739747
186,20,240996.861645829,339645.1646736947,38191.06842241089,140849.22513481037
187,20,240996.861645829,339645.1646736947,38191.06842241089,140849.22513481037
188,20,240996.861645829,339874.1876088262,38191.06842241089,140561.76220040393
189,20,240996.861645829,339726.97326436656,38191.06842241089,140068.4765973508
190,20,240996.861645829,339315.20354124013,38191.06842241089,140270.66322708852
191,20,240996.861645829,337872.549866251,38191.06842241089,140252.5659934633
192,20,240996.861645829,338648.0341421318,38191.06842241089,139151.1390190949
193,20,240996.861645829,336368.8395201248,38191.06842241089,142183.73381783674
194,20,240996.861645829,340166.8106195942,38191.06842241089,137315.44908635586
195,20,240996.861645829,337520.0172429074,38191.06842241089,140670.02271267268
196,20,240996.861645829,341080.4190793357,38191.06842241089,135553.8044639812
197,20,240996.861645829,340979.92920287343,38191.06842241089,135857.66770728442
198,20,240996.861645829,343239.3912777723,38191.06842241089,133455.908995228
199,20,240996.861645829,339363.32342229586,38191.06842241089,137972.98894833724
200,20,240996.861645829,338737.5026591151,38191.06842241089,138560.9626785672
201,20,240996.861645829,340821.31970385835,38191.06842241089,136319.35035161677
202,20,240996.861645829,346178.6153567971,38191.06842241089,134706.21643551887
203,20,240996.861645829,337081.7272958172,38191.06842241089,144244.24670848539
204,20,240996.861645829,337081.7272958172,38191.06842241089,144244.24670848539
205,20,240996.861645829,341849.4370421351,38191.06842241089,135686.00760978035
206,20,240996.861645829,341849.4370421351,38191.06842241089,135686.00760978032
207,20,240996.861645829,341140.1151879361,38191.06842241089,136712.13254727592
208,20,240996.861645829,341800.6074227948,38191.06842241089,136590.8687997397
209,20,240996.861645829,345572.6201933024,38191.06842241089,130848.60617504685
210,20,240996.861645829,340766.4000571575,38191.06842241089,136167.10515880457
211,20,240996.861645829,347179.0383518724,38191.06842241089,134029.60360480746
212,20,240996.861645829,341902.93867184874,38191.06842241089,138800.48353836927
213,20,240996.861645829,341721.07582276885,38191.06842241089,139870.03995484413
214,20,240996.861645829,335763.4317409278,38191.06842241089,145037.611005363
215,20,240996.861645829,335419.48965672805,38191.06842241089,145796.3435104819
216,20,240996.861645829,335419.48965672805,38191.06842241089,145796.34351048194
217,20,240996.861645829,340563.7263207069,38191.06842241089,140214.5432820916
218,20,240996.861645829,337565.2130874075,38191.06842241089,140808.50827668273
219,20,240996.861645829,337565.21308740764,38191.06842241089,140808.50827668275
220,20,240996.861645829,343014.2816780792,38191.06842241089,132643.95237949764
221,20,240996.861645829,349306.4149548889,38191.06842241089,130696.08557402459
222,20,240996.861645829,341082.7442399906,38191.06842241089,137162.64530251065
223,20,240996.861645829,341082.7442399906,38191.06842241089,137162.64530251065
224,20,240996.861645829,339351.84410224715,38191.06842241089,138275.8592001272
225,20,240996.861645829,338907.278299396,38191.06842241089,138315.07627972122
226,20,240996.861645829,338907.27829939604,38191.06842241089,138315.07627972122
227,20,240996.861645829,340565.6421019411,38191.06842241089,137039.46000674495
228,20,240996.861645829,340565.64210194105,38191.06842241089,137039.46000674492
229,20,240996.861645829,344469.47212208016,38191.06842241089,135330.45581149848
230,20,240996.861645829,346972.4572212862,38191.06842241089,130007.84686850043
231,20,240996.861645829,344854.9015111661,38191.06842241089,134710.68274017161
232,20,240996.861645829,337233.6010657761,38191.06842241089,142199.35669216936
233,20,240996.861645829,341752.4070410098,38191.06842241089,135619.92379580814
234,20,240996.861645829,350560.10021584074,38191.06842241089,128253.94729935381
235,20,240996.861645829,343700.54988881754,38191.06842241089,135883.8013538234
236,20,240996.861645829,343896.4428506314,38191.06842241089,135809.92959942398
237,20,240996.861645829,344961.82375441777,38191.06842241089,135189.8776779104
238,20,240996.861645829,346689.36343664303,38191.06842241089,134435.6103342762
239,20,240996.861645829,346689.36343664303,38191.06842241089,134435.61033427622
240,20,240996.861645829,340008.5116680362,38191.06842241089,139924.52045304896
241,20,240996.861645829,346170.1998420941,38191.06842241089,130662.47623536845
242,20,240996.861645829,340111.6692033941,38191.06842241089,136199.05179530795
243,20,240996.861645829,348733.5538303742,38191.06842241089,129797.04279320754
244,20,240996.861645829,348875.0745800311,38191.06842241089,129743.53683043717
245,20,240996.861645829,349403.1034002743,38191.06842241089,128910.9981098917
246,20,240996.861645829,349881.14365708234,38191.06842241089,127960.20844622856
247,20,240996.861645829,351129.1349803466,38191.06842241089,126282.02207656406
248,20,240996.861645829,352940.06139196275,38191.06842241089,126350.4085358198
249,20,240996.861645829,348911.1351164693,38191.06842241089,127562.44206052161
250,20,240996.861645829,338172.76211320196,38191.06842241089,140214.7404347847
251,20,240996.861645829,334561.3932674311,38191.06842241089,145329.08846140746
252,20,240996.861645829,343314.5127107306,38191.06842241089,138717.57135519903
253,20,240996.861645829,341597.89293743356,38191.06842241089,139456.27742618916
254,20,240996.861645829,341772.6254374185,38191.06842241089,139325.86393860326
255,20,240996.861645829,349164.7565196142,38191.06842241089,130385.74297765605
256,20,240996.861645829,339319.88055560645,38191.06842241089,140301.03677739552
257,20,240996.861645829,339510.0348475515,38191.06842241089,140125.01165215948
258,20,240996.861645829,342396.1342506669,38191.06842241089,139106.90357718113
259,20,240996.861645829,341907.62059777835,38191.06842241089,139202.17507227097
260,20,240996.861645829,341423.23550157086,38191.06842241089,139506.49927281545
261,20,240996.861645829,341423.23550157086,38191.06842241089,139506.49927281548
262,20,240996.861645829,341304.0924189143,38191.06842241089,139283.23037617648
263,20,240996.861645829,341304.0924189143,38191.06842241089,139283.23037617648
264,20,240996.861645829,341258.07322237303,38191.06842241089,137558.32444277478
265,20,240996.861645829,343548.7423000225,38191.06842241089,133734.0508442875
266,20,240996.861645829,343088.1147756303,38191.06842241089,134337.6058589413
267,20,240996.861645829,343088.40426485083,38191.06842241089,134614.07088781518
268,20,240996.861645829,344440.03682595666,38191.06842241089,132568.76580986762
269,20,240996.861645829,333535.3638606953,38191.06842241089,143488.27986427819
270,20,240996.861645829,341088.9275264041,38191.06842241089,137985.6879173782
271,20,240996.861645829,347733.5395349318,38191.06842241089,130784.67956820386
272,20,240996.861645829,349203.186486894,38191.06842241089,130580.48302646591
273,20,240996.861645829,343877.26008404547,38191.06842241089,134957.76680135806
274,20,240996.861645829,343861.7251360598,38191.06842241089,134960.2376683111
275,20,240996.861645829,335873.2038637731,38191.06842241089,144762.26237237162
276,20,240996.861645829,341264.8986213427,38191.06842241089,136210.12149134092
277,20,240996.861645829,348743.723938178,38191.06842241089,131146.67685141735
278,20,240996.861645829,348231.90909772227,38191.06842241089,132125.2650230025
279,20,240996.861645829,344197.3354997615,38191.06842241089,137313.3634622623
280,20,240996.861645829,344010.04348288703,38191.06842241089,137532.77338106828
281,20,240996.861645829,341163.1993763905,38191.06842241089,138395.05990769123
282,20,240996.861645829,349778.05541653506,38191.06842241089,128063.26999319722
283,20,240996.861645829,341693.91224779666,38191.06842241089,135105.87921088788
284,20,240996.861645829,347750.7201466936,38191.06842241089,128140.74527081999
285,20,240996.861645829,345959.7672635256,38191.06842241089,133301.18888130286
286,20,240996.861645829,347072.24234418705,38191.06842241089,132888.32689552841
287,20,240996.861645829,348060.56002985453,38191.06842241089,129410.20807794179
288,20,240996.861645829,339567.6559235665,38191.06842241089,139812.18774609437
289,20,240996.861645829,339567.65592356655,38191.06842241089,139812.18774609437
290,20,240996.861645829,340976.91779794416,38191.06842241089,137271.11633225117
291,20,240996.861645829,344189.4785560132,38191.06842241089,135320.20171279795
292,20,240996.861645829,347384.1123834467,38191.06842241089,132834.79899037143
293,20,240996.861645829,352080.8814260578,38191.06842241089,126524.51880420365
294,20,240996.861645829,341061.56602914084,38191.06842241089,137321.16567425412
295,20,240996.861645829,338369.1883049684,38191.06842241089,141877.46645628542
296,20,240996.861645829,339156.1854727622,38191.06842241089,141472.14805358805
297,20,240996.861645829,348580.0709968428,38191.06842241089,134185.16266123953
298,20,240996.861645829,348608.09095044126,38191.06842241089,134183.07291297364
299,20,240996.861645829,348507.6928155425,38191.06842241089,134105.78455203428
300,20,240996.861645829,348774.0700965367,38191.06842241089,134006.25052030763
301,20,240996.861645829,349209.7899427076,38191.06842241089,133043.07145393902
302,20,240996.861645829,351654.9214974584,38191.06842241089,129148.85924938698
303,20,240996.861645829,351536.8349114334,38191.06842241089,129142.68619832862
304,20,240996.861645829,351527.0855665448,38191.06842241089,129121.79881865597
305,20,240996.861645829,351689.4968263705,38191.06842241089,128817.65948042591
306,20,240996.861645829,351748.5337528429,38191.06842241089,128765.21084368977
307,20,240996.861645829,351748.5337528429,38191.06842241089,128765.21084368978
308,20,240996.861645829,351748.5337528429,38191.06842241089,128765.21084368978
309,20,240996.861645829,352551.91349707777,38191.06842241089,128681.65849372519
310,20,240996.861645829,342377.90248976427,38191.06842241089,139436.7671450411
311,20,240996.861645829,352870.6158503061,38191.06842241089,130730.29399338938
312,20,240996.861645829,343864.65229232534,38191.06842241089,138487.12503323035
313,20,240996.861645829,344009.2632872808,38191.06842241089,138266.08243585483
314,20,240996.861645829,343949.43760441645,38191.06842241089,138288.89519180523
315,20,240996.861645829,342501.91856783937,38191.06842241089,140317.73457432457
316,20,240996.861645829,343820.3574053418,38191.06842241089,136967.0843710198
317,20,240996.861645829,333852.7344610125,38191.06842241089,147557.76088931313
318,20,240996.861645829,331825.6493719653,38191.06842241089,148385.96334027176
319,20,240996.861645829,340812.80510051415,38191.06842241089,138503.8996266319
320,20,240996.861645829,340812.8051005142,38191.06842241089,138503.8996266319
321,20,240996.861645829,330443.7012751984,38191.06842241089,149550.91564322615
322,20,240996.861645829,340938.2726463515,38191.06842241089,140145.46300068102
323,20,240996.861645829,341679.97600328433,38191.06842241089,138497.55108576763
324,20,240996.861645829,347453.7023815582,38191.06842241089,132982.94763454222
325,20,240996.861645829,347467.3610246151,38191.06842241089,132974.4495740973
326,20,240996.861645829,341188.3449234935,38191.06842241089,138878.22273079242
327,20,240996.861645829,341069.06995029707,38191.06842241089,138926.7778147621
328,20,240996.861645829,341582.54468695377,38191.06842241089,138349.12687083735
329,20,240996.861645829,343340.77278244065,38191.06842241089,137289.12235729332
330,20,240996.861645829,342494.7934265853,38191.06842241089,137364.33221325075
331,20,240996.861645829,349065.3022868588,38191.06842241089,130862.88861188055
332,20,240996.861645829,342946.96680799685,38191.06842241089,141574.02490255685
333,20,240996.861645829,343138.412727862,38191.06842241089,141399.72451068257
334,20,240996.861645829,338554.11550946615,38191.06842241089,145553.0126628676
335,20,240996.861645829,338441.4331917969,38191.06842241089,145505.68542354836
336,20,240996.861645829,333452.92997564876,38191.06842241089,147283.10102678445
337,20,240996.861645829,333076.1472037464,38191.06842241089,147401.36703236817
338,20,240996.861645829,335230.23909498774,38191.06842241089,144953.59163659165
339,20,240996.861645829,341158.9173043674,38191.06842241089,138048.02664767852
340,20,240996.861645829,339509.81583316345,38191.06842241089,138511.6590275202
341,20,240996.861645829,339509.8158331635,38191.06842241089,138511.6590275202
342,20,240996.861645829,341747.07464550546,38191.06842241089,137632.63904686636
343,20,240996.861645829,344949.3127163026,38191.06842241089,133180.05206019312
344,20,240996.861645829,347367.46924432507,38191.06842241089,130706.56766261144
345,20,240996.861645829,350438.8714656525,38191.06842241089,126046.81247415804
346,20,240996.861645829,350053.17093877465,38191.06842241089,126046.81247415804
347,20,240996.861645829,345242.1462271906,38191.06842241089,133559.42077544602
348,20,240996.861645829,345796.3055872803,38191.06842241089,132963.44460199735
349,20,240996.861645829,346110.8424053193,38191.06842241089,132629.62567072353
350,20,240996.861645829,346110.8424053193,38191.06842241089,132629.6256707235
351,20,240996.861645829,338647.99345561134,38191.06842241089,139451.325392769
352,20,240996.861645829,345680.39485031203,38191.06842241089,134956.8776243041
353,20,240996.861645829,340319.5342320035,38191.06842241089,136742.23675185934
354,20,240996.861645829,336465.35265129467,38191.06842241089,142330.6174211052
355,20,240996.861645829,351492.1180285517,38191.06842241089,126500.09374682338
356,20,240996.861645829,347166.30036893155,38191.06842241089,134929.12748574954
357,20,240996.861645829,346390.5105418214,38191.06842241089,135331.18314425653
358,20,240996.861645829,344618.5056870926,38191.06842241089,135629.883280673
359,20,240996.861645829,349786.87043659145,38191.06842241089,128437.71812827182
360,20,240996.861645829,343269.9699697535,38191.06842241089,135846.29268532712
361,20,240996.861645829,331238.5353842011,38191.06842241089,147577.4569331456
362,20,240996.861645829,342317.5549706993,38191.06842241089,133429.78814197046
363,20,240996.861645829,345663.8436141117,38191.06842241089,132486.68899736495
364,20,240996.861645829,343503.83166118525,38191.06842241089,138618.4272504335
365,20,240996.861645829,343503.83166118525,38191.06842241089,138618.42725043354
366,20,240996.861645829,333238.6782883195,38191.06842241089,146399.36506918244
367,20,240996.861645829,342654.1198129769,38191.06842241089,135949.54450578796
368,20,240996.861645829,342654.1198129769,38191.06842241089,135949.54450578793
369,20,240996.861645829,344923.7177820838,38191.06842241089,140016.92556301667
370,20,240996.861645829,343735.4087096025,38191.06842241089,142937.82966297347
371,20,240996.861645829,349608.17538490513,38191.06842241089,134432.98953870573
372,20,240996.861645829,340092.5235888002,38191.06842241089,142347.747764497
373,20,240996.861645829,353801.77330675686,38191.06842241089,129058.36202155896
374,20,240996.861645829,350206.70322261396,38191.06842241089,130038.76006012391
375,20,240996.861645829,339738.37927540555,38191.06842241089,138852.50381751778
376,20,240996.861645829,337558.72752096615,38191.06842241089,142462.52303153696
377,20,240996.861645829,337343.1788886107,38191.06842241089,142946.12709724286
378,20,240996.861645829,347040.7340415867,38191.06842241089,132485.76264865528
379,20,240996.861645829,347011.4682751474,38191.06842241089,132485.76264865525
380,20,240996.861645829,346885.38018270204,38191.06842241089,132567.82051362685
381,20,240996.861645829,346885.38018270204,38191.06842241089,132567.82051362685
382,20,240996.861645829,346885.38018270204,38191.06842241089,132567.82051362685
383,20,240996.861645829,346460.3732383944,38191.06842241089,132568.56986056815
384,20,240996.861645829,349430.48128228984,38191.06842241089,131450.29953716235
385,20,240996.861645829,339650.41114487674,38191.06842241089,139961.72330470642
386,20,240996.861645829,340519.2970407108,38191.06842241089,139729.78201303622
387,20,240996.861645829,340672.96962531266,38191.06842241089,139382.16560412612
388,20,240996.861645829,335872.67541316483,38191.06842241089,144821.0894461504
389,20,240996.861645829,346140.3610985106,38191.06842241089,135721.794287251
390,20,240996.861645829,342445.0179235508,38191.06842241089,136944.84633866855
391,20,240996.861645829,342155.0110481869,38191.06842241089,137145.15514197157
392,20,240996.861645829,345575.55381402595,38191.06842241089,134376.80996031803
393,20,240996.861645829,345511.22978014103,38191.06842241089,134454.65137838386
394,20,240996.861645829,349355.7187890699,38191.06842241089,133411.23251999367
395,20,240996.861645829,349355.71878906986,38191.06842241089,133411.23251999367
396,20,240996.861645829,347144.16018566233,38191.06842241089,134094.13169062874
397,20,240996.861645829,347101.51029536116,38191.06842241089,134322.58502497544
398,20,240996.861645829,338548.94075546984,38191.06842241089,141086.49509246266
399,20,240996.861645829,338548.94075546984,38191.06842241089,141086.49509246266
400,20,240996.861645829,338548.94075546984,38191.06842241089,141086.4950924627
401,20,240996.861645829,342881.9011159279,38191.06842241089,139594.3607085816
402,20,240996.861645829,339617.3946522848,38191.06842241089,140566.9138856947
403,20,240996.861645829,350304.7743980058,38191.06842241089,130411.36812145953
404,20,240996.861645829,343711.46853597707,38191.06842241089,136370.20485097586
405,20,240996.861645829,343547.029251682,38191.06842241089,136660.46805442096
406,20,240996.861645829,351611.0146496174,38191.06842241089,126800.95614486576
407,20,240996.861645829,343804.0756999495,38191.06842241089,136031.01155665205
408,20,240996.861645829,343891.90369079786,38191.06842241089,136016.3926748052
409,20,240996.861645829,346806.7257188669,38191.06842241089,138003.03166579086
410,20,240996.861645829,346806.725718867,38191.06842241089,138003.03166579088
411,20,240996.861645829,346578.52470248705,38191.06842241089,138042.93204403695
412,20,240996.861645829,344073.50337981037,38191.06842241089,139261.64937236905
413,20,240996.861645829,346503.342762094,38191.06842241089,138042.93204403695
414,20,240996.861645829,344247.7378540371,38191.06842241089,140519.1434461333
415,20,240996.861645829,342098.5619622919,38191.06842241089,139510.76131530895
416,20,240996.861645829,337112.39497413335,38191.06842241089,147445.51133773098
417,20,240996.861645829,346214.7669335337,38191.06842241089,139712.3178741359
418,20,240996.861645829,346214.7669335337,38191.06842241089,139712.31787413586
419,20,240996.861645829,351234.76910480927,38191.06842241089,132606.37686513507
420,20,240996.861645829,351054.93482699833,38191.06842241089,132823.43978656665
421,20,240996.861645829,358971.74377565307,38191.06842241089,122928.19375864296
422,20,240996.861645829,351254.472624926,38191.06842241089,129662.30604107266
423,20,240996.861645829,351408.381367261,38191.06842241089,129814.03171690888
424,20,240996.861645829,344922.72439204005,38191.06842241089,131389.2423429561
425,20,240996.861645829,340349.75096526335,38191.06842241089,139868.63912511617
426,20,240996.861645829,340349.75096526335,38191.06842241089,139868.63912511617
427,20,240996.861645829,349781.7661333273,38191.06842241089,129738.60294233961
428,20,240996.861645829,349433.29619572137,38191.06842241089,130268.48574251735
429,20,240996.861645829,339676.1947243159,38191.06842241089,141088.70815022214
430,20,240996.861645829,356971.87224512204,38191.06842241089,125777.30980670292
431,20,240996.861645829,359018.7163691906,38191.06842241089,122964.10695100357
432,20,240996.861645829,350343.1568747215,38191.06842241089,129502.43207268308
433,20,240996.861645829,347511.19085346913,38191.06842241089,130647.64666194437
434,20,240996.861645829,347782.8072379907,38191.06842241089,130546.56614931936
435,20,240996.861645829,348341.1419851862,38191.06842241089,129968.66074845343
436,20,240996.861645829,351704.4016996299,38191.06842241089,129000.37283356262
437,20,240996.861645829,351762.53914848535,38191.06842241089,128989.14913131138
438,20,240996.861645829,351275.4926959473,38191.06842241089,128567.90118671992
439,20,240996.861645829,342887.5263011623,38191.06842241089,137376.44953610047
440,20,240996.861645829,341424.53188550804,38191.06842241089,138039.26308440577
441,20,240996.861645829,341198.986064329,38191.06842241089,138039.26308440577
442,20,240996.861645829,341098.5444175318,38191.06842241089,138026.07813032917
443,20,240996.861645829,341098.5444175318,38191.06842241089,138026.0781303292
444,20,240996.861645829,341984.1335262309,38191.06842241089,137937.1023456409
445,20,240996.861645829,341946.5323941047,38191.06842241089,137900.59481003272
446,20,240996.861645829,348628.6876023021,38191.06842241089,131007.00988256966
447,20,240996.861645829,348831.70131613174,38191.06842241089,130919.0457127126
448,20,240996.861645829,348831.70131613174,38191.06842241089,130919.04571271257
449,20,240996.861645829,340825.60236644343,38191.06842241089,138118.4617361941
450,20,240996.861645829,343607.6196318071,38191.06842241089,136761.61987668526
451,20,240996.861645829,343248.83793572325,38191.06842241089,136805.90451638796
452,20,240996.861645829,343248.83793572325,38191.06842241089,136805.90451638796
453,20,240996.861645829,343292.3658689289,38191.06842241089,136789.5552341282
454,20,240996.861645829,346417.26503118314,38191.06842241089,132746.3489939387
455,20,240996.861645829,346335.78312761046,38191.06842241089,132997.82633199572
456,20,240996.861645829,342017.9090376685,38191.06842241089,136174.4825516879
457,20,240996.861645829,341304.9610357562,38191.06842241089,137220.35950674146
458,20,240996.861645829,341987.8362615113,38191.06842241089,136174.4825516879
459,20,240996.861645829,342696.33547584567,38191.06842241089,136010.18223505848
460,20,240996.861645829,342696.3354758456,38191.06842241089,136010.18223505846
461,20,240996.861645829,341512.0890087484,38191.06842241089,135944.92783840658
462,20,240996.861645829,341427.3061642418,38191.06842241089,135935.34286986286
463,20,240996.861645829,342162.3682535747,38191.06842241089,135605.44466781808
464,20,240996.861645829,342930.6693289289,38191.06842241089,135628.9920179118
465,20,240996.861645829,343463.72663094883,38191.06842241089,137367.2199516791
466,20,240996.861645829,344146.6018567038,38191.06842241089,136321.34299662552
467,20,240996.861645829,348682.78344008414,38191.06842241089,130889.93393485066
468,20,240996.861645829,343875.06217331224,38191.06842241089,132546.76673938762
469,20,240996.861645829,347060.67098898464,38191.06842241089,132691.7671306271
470,20,240996.861645829,347060.6709889845,38191.06842241089,132691.7671306271
471,20,240996.861645829,347826.44817341724,38191.06842241089,132850.63522748914
472,20,240996.861645829,348460.047518554,38191.06842241089,132040.01818933673
473,20,240996.861645829,348250.3841889585,38191.06842241089,131918.0141892442
474,20,240996.861645829,340069.5982493705,38191.06842241089,138440.16576372978
475,20,240996.861645829,335721.5579086891,38171.793680069866,139569.44771105066
476,20,240996.861645829,335707.2530328981,38171.793680069866,139581.9380839875
477,20,240996.861645829,353675.2869678394,38171.793680069866,122695.45302000476
478,20,240996.861645829,347165.56498293375,38171.793680069866,131840.36073118178
479,20,240996.861645829,352501.2157418244,38171.793680069866,123224.36567125577
480,20,240996.861645829,349160.92647815513,38171.793680069866,129697.05246073494
481,20,240996.861645829,348619.44746435946,38171.793680069866,131387.20751983838
482,20,240996.861645829,348619.44746435946,38171.793680069866,131387.20751983838
483,20,240996.861645829,343775.5433504236,38171.793680069866,135424.0620381076
484,20,240996.861645829,341539.2965675258,38171.793680069866,138815.88603071528
485,20,240996.861645829,341492.11826432624,38171.793680069866,139049.84788013404
486,20,240996.861645829,343382.30427684064,38171.793680069866,138880.48590350346
487,20,240996.861645829,342967.2322195848,38171.793680069866,139579.8562387184
488,20,240996.861645829,343267.2433388411,38171.793680069866,139067.17657732635
489,20,240996.861645829,343187.67671087565,38171.793680069866,139065.44120276367
490,20,240996.861645829,342780.2262054203,38171.793680069866,139090.41713439074
491,20,240996.861645829,342855.95951590815,38171.793680069866,138952.71914061645
492,20,240996.861645829,342651.470134343,38171.793680069866,139399.34820944993
493,20,240996.861645829,343447.62226004794,38171.793680069866,137810.67893343163
494,20,240996.861645829,339804.2911393188,38171.793680069866,138957.75168938906
495,20,240996.861645829,343192.05760704604,38171.793680069866,138261.44325957302
496,20,240996.861645829,339569.9078701124,38171.793680069866,143509.59713381692
497,20,240996.861645829,337908.80475760216,38171.793680069866,144018.57207808457
498,20,240996.861645829,345328.73072723753,38171.793680069866,132986.7398936784
499,20,240996.861645829,342167.2583422484,38171.793680069866,136250.82729834568
500,20,240996.861645829,342313.1788503117,38171.793680069866,136218.55514376686
